{"losses/approx_kl":1.6613863e-05,"_wandb":{"runtime":6301},"charts/ema_episodic_return":3013.0298,"Custom_Metrics/Episodic_Return":4106.8205302106835,"_timestamp":1.781764457428138e+09,"losses/explained_variance":0.74474394,"losses/old_approx_kl":-0.00047531538,"losses/entropy":4.492086,"charts/episodic_return":4106.8203,"losses/value_loss":0.014429975,"_step":31495,"charts/SPS":793,"global_step":4997120,"_runtime":6301,"losses/clipfrac":0,"charts/learning_rate":4.918033e-07,"losses/policy_loss":-0.000116635114}