{"losses/explained_variance":0.82864726,"_runtime":4736,"losses/policy_loss":-5.4381788e-05,"Custom_Metrics/Episodic_Return":3863.402648702008,"charts/learning_rate":1.2290045e-07,"_timestamp":1.7816508354832828e+09,"_step":44595,"global_step":4999168,"charts/episodic_return":3863.4026,"losses/entropy":4.28904,"losses/value_loss":0.030341245,"losses/approx_kl":5.3085387e-08,"_wandb":{"runtime":4736},"charts/SPS":1056,"charts/ema_episodic_return":2712.8894,"losses/clipfrac":0,"losses/old_approx_kl":-9.678304e-06}