{"charts/episodic_return":4106.8203,"losses/explained_variance":0.74474394,"charts/learning_rate":4.918033e-07,"_step":31495,"losses/value_loss":0.014429975,"charts/SPS":801,"Custom_Metrics/Episodic_Return":4106.8205302106835,"losses/clipfrac":0,"_wandb":{"runtime":6236},"losses/approx_kl":1.6613863e-05,"global_step":4997120,"_timestamp":1.7818771151508927e+09,"losses/policy_loss":-0.000116635114,"losses/entropy":4.492086,"losses/old_approx_kl":-0.00047531538,"_runtime":6236,"charts/ema_episodic_return":3013.0298}