{"losses/value_loss":0.065334156,"losses/policy_loss":-0.00019613653,"_step":16082,"losses/entropy":-1.3466644,"losses/old_approx_kl":9.4655436e-05,"charts/ema_episodic_return":1676.3492,"charts/SPS":542,"charts/episodic_return":1734.1577,"losses/approx_kl":2.716668e-06,"_runtime":9216,"losses/clipfrac":0,"Custom_Metrics/Episodic_Return":1734.1577627954125,"_timestamp":1.7821149059266307e+09,"charts/learning_rate":3.382459e-08,"_wandb":{"runtime":9216},"losses/explained_variance":0.19729191,"global_step":4997120}