{"global_step":4997120,"Custom_Metrics/Episodic_Return":1708.881242564484,"_wandb":{"runtime":9186},"losses/entropy":-1.469667,"charts/SPS":544,"losses/value_loss":0.01586731,"losses/old_approx_kl":0.00016933028,"charts/learning_rate":3.382459e-08,"_runtime":9186,"charts/ema_episodic_return":1700.897,"losses/policy_loss":-1.4955178e-05,"losses/approx_kl":2.1010637e-06,"losses/explained_variance":0.15726238,"losses/clipfrac":0,"charts/episodic_return":1708.8812,"_timestamp":1.7822675059179764e+09,"_step":16082}