{"losses/approx_kl":1.646299e-05,"_runtime":6394,"losses/policy_loss":-0.00068449974,"charts/SPS":782,"charts/ema_episodic_return":3232.333,"charts/episodic_return":3107.7732,"losses/clipfrac":0,"losses/explained_variance":0.69085836,"losses/entropy":6.7944875,"_wandb":{"runtime":6394},"losses/old_approx_kl":-2.30968e-07,"_timestamp":1.7818075058929791e+09,"global_step":4997120,"charts/learning_rate":4.918033e-07,"losses/value_loss":0.01588113,"_step":29275,"Custom_Metrics/Episodic_Return":3107.773124608513}