{"global_step":4997120,"losses/old_approx_kl":0.0001979135,"Custom_Metrics/Episodic_Return":1717.3541224252035,"losses/value_loss":905.91223,"_timestamp":1.7820422683904474e+09,"losses/explained_variance":0.026527584,"_step":16076,"charts/episodic_return":1717.3541,"losses/clipfrac":0,"charts/learning_rate":4.918033e-07,"_wandb":{"runtime":2967},"charts/ema_episodic_return":1444.2018,"losses/policy_loss":0.00040114298,"_runtime":2967,"losses/approx_kl":0.00012300303,"charts/SPS":1687,"losses/entropy":-3.3501163}