{"charts/episodic_return":1451.4716,"charts/ema_episodic_return":2908.7021,"_timestamp":1.7817387593159406e+09,"losses/value_loss":0.012695252,"losses/old_approx_kl":0.0012428053,"losses/approx_kl":2.8281007e-05,"losses/explained_variance":0.79065406,"_step":30781,"losses/clipfrac":0,"Custom_Metrics/Episodic_Return":1451.4715873455261,"charts/learning_rate":4.918033e-07,"losses/policy_loss":-0.0010146871,"global_step":4997120,"charts/SPS":788,"_wandb":{"runtime":6345},"_runtime":6345,"losses/entropy":5.2727685}