{"charts/ema_episodic_return":4469.391,"charts/learning_rate":4.918033e-07,"losses/explained_variance":0.54652405,"charts/SPS":793,"Custom_Metrics/Episodic_Return":5277.761418275001,"losses/entropy":6.2765846,"losses/approx_kl":1.7473008e-05,"losses/policy_loss":-0.00032424927,"losses/old_approx_kl":0.0005824845,"_timestamp":1.7817451623187277e+09,"losses/clipfrac":0,"_wandb":{"runtime":6303},"charts/episodic_return":5277.761,"_runtime":6303,"_step":28735,"losses/value_loss":0.020873975,"global_step":4997120}