{"losses/value_loss":0.01586731,"_runtime":9141,"losses/clipfrac":0,"Custom_Metrics/Episodic_Return":1708.881242564484,"_wandb":{"runtime":9141},"global_step":4997120,"charts/ema_episodic_return":1700.897,"charts/episodic_return":1708.8812,"losses/approx_kl":2.1010637e-06,"charts/learning_rate":3.382459e-08,"_timestamp":1.782094382857392e+09,"losses/old_approx_kl":0.00016933028,"_step":16082,"losses/entropy":-1.469667,"losses/explained_variance":0.15726238,"losses/policy_loss":-1.4955178e-05,"charts/SPS":546}