{"losses/explained_variance":0.4921481,"losses/entropy":0.9776172,"_wandb":{"runtime":5545},"losses/approx_kl":1.3474841e-05,"losses/value_loss":0.023801656,"losses/policy_loss":-0.0006192103,"charts/episodic_return":1520.6444,"charts/ema_episodic_return":1418.1857,"_timestamp":1.7829808486054978e+09,"_runtime":5545,"charts/SPS":541,"global_step":2998272,"Custom_Metrics/Episodic_Return":1520.644416767178,"losses/old_approx_kl":0.00031702546,"_step":9642,"charts/learning_rate":5.637432e-08,"losses/clipfrac":0}