{"_wandb":{"runtime":4774},"_step":39691,"charts/episodic_return":2236.3613,"Custom_Metrics/Episodic_Return":2236.361307543974,"losses/value_loss":0.001982188,"charts/ema_episodic_return":4800.9155,"global_step":4999168,"losses/policy_loss":-3.923755e-05,"_runtime":4774,"charts/learning_rate":1.2290045e-07,"losses/entropy":6.6100426,"losses/explained_variance":0.9770514,"charts/SPS":1048,"losses/clipfrac":0,"losses/old_approx_kl":-1.3133511e-05,"_timestamp":1.781619905281702e+09,"losses/approx_kl":1.299195e-07}