{"_timestamp":1.7813887555083692e+09,"global_step":4999168,"losses/approx_kl":1.07102096e-07,"_step":40191,"losses/entropy":5.954659,"Custom_Metrics/Episodic_Return":237.85486897576982,"losses/old_approx_kl":-1.9275118e-05,"_runtime":4780,"charts/ema_episodic_return":3444.3574,"losses/value_loss":0.05352457,"_wandb":{"runtime":4780},"charts/SPS":1046,"charts/episodic_return":237.85487,"losses/clipfrac":0,"losses/policy_loss":-5.479902e-05,"charts/learning_rate":1.2290045e-07,"losses/explained_variance":0.5704372}