{"charts/SPS":538,"losses/entropy":-1.4529803,"Custom_Metrics/Episodic_Return":1791.2537684536187,"_timestamp":1.7821149681181192e+09,"losses/old_approx_kl":-5.3712167e-05,"losses/clipfrac":0,"losses/approx_kl":3.9562583e-06,"losses/policy_loss":0.00041809306,"_wandb":{"runtime":9278},"charts/learning_rate":3.382459e-08,"losses/value_loss":0.033073585,"global_step":4997120,"_step":16082,"losses/explained_variance":0.17347336,"_runtime":9278,"charts/episodic_return":1791.2538,"charts/ema_episodic_return":1719.7104}