{"charts/ema_episodic_return":1700.897,"losses/value_loss":0.01586731,"losses/old_approx_kl":0.00016933028,"losses/clipfrac":0,"charts/learning_rate":3.382459e-08,"losses/explained_variance":0.15726238,"global_step":4997120,"_wandb":{"runtime":9179},"losses/policy_loss":-1.4955178e-05,"charts/SPS":544,"_timestamp":1.782145026986028e+09,"losses/approx_kl":2.1010637e-06,"charts/episodic_return":1708.8812,"_runtime":9179,"_step":16082,"losses/entropy":-1.469667,"Custom_Metrics/Episodic_Return":1708.881242564484}