{"global_step":4997120,"losses/approx_kl":3.7667342e-06,"losses/policy_loss":-0.000249492,"losses/explained_variance":0.16364324,"_timestamp":1.782135836740271e+09,"charts/SPS":541,"charts/episodic_return":1678.2488,"losses/value_loss":0.070512325,"_step":16082,"Custom_Metrics/Episodic_Return":1678.2488337646791,"charts/learning_rate":3.382459e-08,"losses/old_approx_kl":-8.606259e-05,"losses/entropy":-1.7012776,"losses/clipfrac":0,"charts/ema_episodic_return":1639.0087,"_wandb":{"runtime":9239},"_runtime":9239}