{"_runtime":3075,"_wandb":{"runtime":3075},"losses/approx_kl":3.712019e-05,"charts/SPS":1627,"charts/ema_episodic_return":1372.5364,"losses/value_loss":642.2287,"losses/clipfrac":0,"losses/explained_variance":-0.00019061565,"_step":16076,"losses/policy_loss":-0.00031328388,"_timestamp":1.7820396568344104e+09,"global_step":4997120,"charts/learning_rate":4.918033e-07,"losses/old_approx_kl":0.0010070782,"Custom_Metrics/Episodic_Return":1518.9682938896965,"losses/entropy":-3.989973,"charts/episodic_return":1518.9683}