{"losses/approx_kl":2.716668e-06,"losses/clipfrac":0,"charts/SPS":540,"losses/explained_variance":0.19729191,"charts/ema_episodic_return":1676.3492,"losses/old_approx_kl":9.4655436e-05,"losses/policy_loss":-0.00019613653,"losses/entropy":-1.3466644,"_wandb":{"runtime":9245},"_step":16082,"losses/value_loss":0.065334156,"Custom_Metrics/Episodic_Return":1734.1577627954125,"global_step":4997120,"charts/episodic_return":1734.1577,"charts/learning_rate":3.382459e-08,"_runtime":9245,"_timestamp":1.7820642964987593e+09}