{"_wandb":{"runtime":6291},"charts/SPS":795,"charts/episodic_return":5277.761,"charts/ema_episodic_return":4469.391,"Custom_Metrics/Episodic_Return":5277.761418275001,"_timestamp":1.781764443625417e+09,"losses/value_loss":0.020873975,"charts/learning_rate":4.918033e-07,"losses/approx_kl":1.7473008e-05,"_runtime":6291,"losses/explained_variance":0.54652405,"losses/policy_loss":-0.00032424927,"losses/entropy":6.2765846,"losses/old_approx_kl":0.0005824845,"losses/clipfrac":0,"global_step":4997120,"_step":28735}