{"_timestamp":1.7817387536237686e+09,"losses/value_loss":0.008606484,"_runtime":6339,"global_step":4997120,"_step":28249,"losses/old_approx_kl":-0.00035030954,"charts/ema_episodic_return":3360.886,"losses/clipfrac":0,"charts/SPS":789,"charts/learning_rate":4.918033e-07,"_wandb":{"runtime":6339},"losses/entropy":5.669774,"losses/policy_loss":0.00011249259,"losses/approx_kl":3.2767188e-05,"losses/explained_variance":0.62730765,"Custom_Metrics/Episodic_Return":745.7118034252419,"charts/episodic_return":745.7118}