{"charts/learning_rate":4.918033e-07,"losses/approx_kl":3.6803074e-05,"charts/ema_episodic_return":2792.6633,"charts/SPS":786,"losses/old_approx_kl":-0.001142717,"losses/clipfrac":0,"_runtime":6358,"_wandb":{"runtime":6358},"losses/policy_loss":-0.0012792647,"charts/episodic_return":49.182045,"losses/entropy":4.605962,"losses/explained_variance":0.7052113,"global_step":4997120,"_timestamp":1.781870866134159e+09,"losses/value_loss":0.022415891,"Custom_Metrics/Episodic_Return":49.182044964335304,"_step":31047}