{"Custom_Metrics/Episodic_Return":1649.2104034429306,"charts/learning_rate":3.382459e-08,"_timestamp":1.7820746762232192e+09,"losses/policy_loss":-0.0008467585,"global_step":4997120,"losses/approx_kl":1.9098632e-05,"_runtime":9198,"losses/clipfrac":0,"_wandb":{"runtime":9198},"charts/SPS":543,"charts/episodic_return":1649.2104,"losses/explained_variance":0.17154413,"losses/value_loss":0.039255034,"losses/old_approx_kl":0.00014807703,"_step":16082,"charts/ema_episodic_return":1638.4324,"losses/entropy":-1.579551}