{"losses/approx_kl":7.3086005e-05,"charts/ema_episodic_return":1422.334,"_wandb":{"runtime":2958},"losses/entropy":-3.407158,"charts/learning_rate":4.918033e-07,"losses/policy_loss":-0.00029263645,"charts/SPS":1692,"Custom_Metrics/Episodic_Return":1644.130861950703,"_timestamp":1.7820358048621712e+09,"charts/episodic_return":1644.1309,"_step":16076,"losses/explained_variance":0.0066245794,"_runtime":2958,"losses/old_approx_kl":0.0010514185,"global_step":4997120,"losses/value_loss":745.4982,"losses/clipfrac":0}