{"losses/value_loss":0.04530385,"losses/clipfrac":0,"charts/episodic_return":1678.6992,"losses/entropy":-1.5934116,"_runtime":9218,"Custom_Metrics/Episodic_Return":1678.699275770796,"losses/explained_variance":0.23973072,"charts/learning_rate":3.382459e-08,"losses/policy_loss":-0.0003061518,"global_step":4997120,"_step":16082,"_wandb":{"runtime":9218},"losses/approx_kl":9.790994e-06,"charts/SPS":542,"charts/ema_episodic_return":1598.5815,"losses/old_approx_kl":-0.00024870643,"_timestamp":1.782083996391018e+09}