{"_wandb":{"runtime":9215},"charts/learning_rate":3.382459e-08,"losses/entropy":-1.2958336,"losses/value_loss":0.044315234,"charts/ema_episodic_return":1692.0193,"losses/approx_kl":4.4028275e-06,"_runtime":9215,"charts/episodic_return":1746.1863,"losses/explained_variance":0.18590063,"Custom_Metrics/Episodic_Return":1746.1863038803888,"losses/policy_loss":-0.00055778027,"losses/clipfrac":0,"global_step":4997120,"charts/SPS":542,"_step":16082,"losses/old_approx_kl":-4.029181e-05,"_timestamp":1.7821437435504248e+09}