{"_runtime":4780,"losses/value_loss":0.009266814,"losses/clipfrac":0,"charts/episodic_return":4279.889,"_timestamp":1.7816294676375513e+09,"losses/explained_variance":0.9178366,"global_step":4999168,"Custom_Metrics/Episodic_Return":4279.88894163615,"_wandb":{"runtime":4780},"charts/learning_rate":1.2290045e-07,"charts/ema_episodic_return":2681.536,"losses/entropy":5.3608723,"_step":41419,"losses/approx_kl":1.504086e-07,"losses/policy_loss":-6.635953e-05,"losses/old_approx_kl":1.3774261e-05,"charts/SPS":1046}