{"_runtime":5577,"losses/approx_kl":6.7988876e-06,"losses/policy_loss":-0.0004180912,"charts/learning_rate":5.637432e-08,"charts/ema_episodic_return":1376.3888,"losses/old_approx_kl":0.00023344369,"losses/entropy":0.8143783,"_step":9642,"Custom_Metrics/Episodic_Return":1429.0404173469465,"losses/explained_variance":0.37025434,"losses/value_loss":0.026725924,"global_step":2998272,"_wandb":{"runtime":5577},"charts/episodic_return":1429.0404,"losses/clipfrac":0,"_timestamp":1.7829871453164384e+09,"charts/SPS":537}