{"losses/value_loss":0.046765406,"_runtime":6232,"_timestamp":1.7817515915737367e+09,"charts/SPS":802,"losses/approx_kl":9.685289e-05,"_step":38273,"losses/old_approx_kl":0.00022149505,"losses/clipfrac":0,"losses/entropy":2.7384853,"Custom_Metrics/Episodic_Return":2105.223632014323,"charts/learning_rate":4.918033e-07,"_wandb":{"runtime":6232},"charts/episodic_return":2105.2236,"global_step":4997120,"losses/policy_loss":-0.0006402945,"charts/ema_episodic_return":2624.8108,"losses/explained_variance":0.78081477}