{"_wandb":{"runtime":6325},"global_step":4997120,"losses/value_loss":0.017431984,"_step":36671,"charts/episodic_return":1675.8442,"losses/old_approx_kl":-0.0004063258,"Custom_Metrics/Episodic_Return":1675.8442066363873,"losses/entropy":2.5665188,"losses/policy_loss":0.00020478293,"losses/approx_kl":4.9583614e-05,"losses/explained_variance":0.7572534,"losses/clipfrac":0,"charts/learning_rate":4.918033e-07,"_timestamp":1.7818015618676054e+09,"_runtime":6325,"charts/ema_episodic_return":2114.27,"charts/SPS":790}