{"losses/entropy":3.886262,"losses/old_approx_kl":-0.0001232219,"_step":32657,"losses/approx_kl":5.078176e-05,"losses/explained_variance":0.8557889,"losses/policy_loss":-0.001527682,"global_step":4997120,"charts/learning_rate":4.918033e-07,"charts/episodic_return":4935.3823,"_wandb":{"runtime":6368},"Custom_Metrics/Episodic_Return":4935.382147444326,"charts/SPS":785,"losses/clipfrac":0,"charts/ema_episodic_return":2940.4536,"_runtime":6368,"losses/value_loss":0.018834956,"_timestamp":1.7818010993438017e+09}