{"_timestamp":1.7822570820965528e+09,"losses/entropy":-1.5934116,"_runtime":9154,"charts/ema_episodic_return":1598.5815,"_step":16082,"losses/clipfrac":0,"losses/explained_variance":0.23973072,"losses/old_approx_kl":-0.00024870643,"Custom_Metrics/Episodic_Return":1678.699275770796,"charts/episodic_return":1678.6992,"losses/value_loss":0.04530385,"_wandb":{"runtime":9154},"losses/approx_kl":9.790994e-06,"charts/SPS":546,"global_step":4997120,"charts/learning_rate":3.382459e-08,"losses/policy_loss":-0.0003061518}