{"losses/value_loss":0.01588113,"Custom_Metrics/Episodic_Return":3107.773124608513,"losses/old_approx_kl":-2.30968e-07,"global_step":4997120,"_step":29275,"losses/policy_loss":-0.00068449974,"_wandb":{"runtime":6459},"losses/entropy":6.7944875,"losses/explained_variance":0.69085836,"_timestamp":1.7818842744892774e+09,"charts/SPS":774,"charts/episodic_return":3107.7732,"losses/clipfrac":0,"charts/learning_rate":4.918033e-07,"charts/ema_episodic_return":3232.333,"_runtime":6459,"losses/approx_kl":1.646299e-05}