{"losses/clipfrac":0,"losses/approx_kl":1.7701881e-05,"charts/learning_rate":5.637432e-08,"_runtime":5590,"charts/episodic_return":1473.7416,"losses/old_approx_kl":-0.0006560383,"_step":9642,"losses/value_loss":0.015625603,"losses/policy_loss":-0.00030305982,"charts/SPS":536,"charts/ema_episodic_return":1447.4,"_wandb":{"runtime":5590},"Custom_Metrics/Episodic_Return":1473.7415288357827,"global_step":2998272,"losses/entropy":0.8168532,"losses/explained_variance":0.3785376,"_timestamp":1.782992005169357e+09}