{"Custom_Metrics/Episodic_Return":1678.2488337646791,"_wandb":{"runtime":9183},"losses/clipfrac":0,"_runtime":9183,"losses/approx_kl":3.7667342e-06,"_step":16082,"losses/policy_loss":-0.000249492,"charts/SPS":544,"losses/old_approx_kl":-8.606259e-05,"losses/explained_variance":0.16364324,"charts/learning_rate":3.382459e-08,"global_step":4997120,"charts/episodic_return":1678.2488,"_timestamp":1.7822583079369776e+09,"losses/entropy":-1.7012776,"charts/ema_episodic_return":1639.0087,"losses/value_loss":0.070512325}