{"losses/value_loss":0.044315234,"_runtime":9305,"losses/entropy":-1.2958336,"losses/policy_loss":-0.00055778027,"_timestamp":1.782093312897117e+09,"losses/old_approx_kl":-4.029181e-05,"charts/SPS":537,"losses/explained_variance":0.18590063,"global_step":4997120,"charts/ema_episodic_return":1692.0193,"charts/learning_rate":3.382459e-08,"charts/episodic_return":1746.1863,"losses/clipfrac":0,"Custom_Metrics/Episodic_Return":1746.1863038803888,"_step":16082,"_wandb":{"runtime":9305},"losses/approx_kl":4.4028275e-06}