{"losses/explained_variance":0.62730765,"losses/entropy":5.669774,"_runtime":6342,"losses/value_loss":0.008606484,"global_step":4997120,"losses/approx_kl":3.2767188e-05,"charts/learning_rate":4.918033e-07,"charts/SPS":788,"_timestamp":1.7818644897379262e+09,"losses/policy_loss":0.00011249259,"Custom_Metrics/Episodic_Return":745.7118034252419,"losses/clipfrac":0,"_wandb":{"runtime":6342},"_step":28249,"losses/old_approx_kl":-0.00035030954,"charts/episodic_return":745.7118,"charts/ema_episodic_return":3360.886}