{"Custom_Metrics/Episodic_Return":3863.402648702008,"_wandb":{"runtime":4765},"global_step":4999168,"losses/approx_kl":5.3085387e-08,"charts/episodic_return":3863.4026,"charts/learning_rate":1.2290045e-07,"losses/policy_loss":-5.4381788e-05,"charts/ema_episodic_return":2712.8894,"_step":44595,"losses/entropy":4.28904,"_runtime":4765,"_timestamp":1.78162467438444e+09,"losses/clipfrac":0,"charts/SPS":1049,"losses/explained_variance":0.82864726,"losses/old_approx_kl":-9.678304e-06,"losses/value_loss":0.030341245}