{"charts/learning_rate":4.918033e-07,"losses/entropy":4.492086,"_wandb":{"runtime":6290},"losses/explained_variance":0.74474394,"_step":31495,"losses/approx_kl":1.6613863e-05,"charts/episodic_return":4106.8203,"charts/SPS":794,"losses/value_loss":0.014429975,"losses/old_approx_kl":-0.00047531538,"losses/policy_loss":-0.000116635114,"charts/ema_episodic_return":3013.0298,"global_step":4997120,"losses/clipfrac":0,"_runtime":6290,"_timestamp":1.7817949731754415e+09,"Custom_Metrics/Episodic_Return":4106.8205302106835}