{"losses/entropy":-3.9246743,"charts/ema_episodic_return":1279.9596,"losses/explained_variance":0.007192433,"losses/approx_kl":3.4357887e-05,"global_step":4997120,"losses/clipfrac":0,"charts/SPS":1683,"losses/value_loss":799.4746,"_timestamp":1.7820328355226612e+09,"_runtime":2976,"losses/policy_loss":-0.0018331036,"charts/learning_rate":4.918033e-07,"_wandb":{"runtime":2976},"losses/old_approx_kl":0.00033906568,"charts/episodic_return":1412.3193,"Custom_Metrics/Episodic_Return":1412.3193160352714,"_step":16076}