{"_wandb":{"runtime":6474},"charts/ema_episodic_return":2764.0173,"charts/episodic_return":874.42975,"_runtime":6474,"charts/learning_rate":4.918033e-07,"losses/value_loss":0.011982872,"losses/clipfrac":0,"Custom_Metrics/Episodic_Return":874.4297181876323,"charts/SPS":772,"global_step":4997120,"losses/policy_loss":-0.00010368228,"losses/explained_variance":0.9276341,"losses/old_approx_kl":-0.0010746866,"losses/entropy":6.4134398,"losses/approx_kl":1.6883016e-05,"_step":26883,"_timestamp":1.78178849344972e+09}