{"losses/entropy":-1.5934116,"_step":16082,"losses/clipfrac":0,"charts/ema_episodic_return":1598.5815,"losses/old_approx_kl":-0.00024870643,"losses/policy_loss":-0.0003061518,"charts/episodic_return":1678.6992,"_timestamp":1.7821345155697541e+09,"_wandb":{"runtime":9206},"_runtime":9206,"losses/approx_kl":9.790994e-06,"losses/explained_variance":0.23973072,"charts/learning_rate":3.382459e-08,"global_step":4997120,"charts/SPS":543,"losses/value_loss":0.04530385,"Custom_Metrics/Episodic_Return":1678.699275770796}