{"_step":9642,"losses/policy_loss":-0.00036469102,"losses/old_approx_kl":0.00023242133,"global_step":2998272,"losses/entropy":0.92123353,"charts/ema_episodic_return":1272.0089,"losses/clipfrac":0,"losses/value_loss":0.021464258,"_runtime":5581,"_timestamp":1.782980884905979e+09,"losses/explained_variance":0.52381015,"charts/episodic_return":1318.1686,"_wandb":{"runtime":5581},"charts/SPS":537,"Custom_Metrics/Episodic_Return":1318.1685780719047,"losses/approx_kl":5.205162e-06,"charts/learning_rate":5.637432e-08}