{"Custom_Metrics/Episodic_Return":1562.7962139177844,"_step":16076,"losses/value_loss":749.828,"losses/explained_variance":0.09924173,"losses/entropy":-3.0186954,"losses/clipfrac":0,"losses/old_approx_kl":0.00019946555,"_wandb":{"runtime":3126},"charts/episodic_return":1562.7963,"losses/approx_kl":0.00031888718,"global_step":4997120,"charts/SPS":1602,"charts/learning_rate":4.918033e-07,"charts/ema_episodic_return":1329.9685,"_timestamp":1.7820329856700869e+09,"losses/policy_loss":-1.2759119e-05,"_runtime":3126}