{"_timestamp":1.7817645639119477e+09,"Custom_Metrics/Episodic_Return":49.182044964335304,"charts/ema_episodic_return":2792.6633,"charts/learning_rate":4.918033e-07,"charts/SPS":780,"_wandb":{"runtime":6411},"_step":31047,"losses/value_loss":0.022415891,"losses/old_approx_kl":-0.001142717,"losses/explained_variance":0.7052113,"global_step":4997120,"losses/policy_loss":-0.0012792647,"losses/approx_kl":3.6803074e-05,"losses/entropy":4.605962,"_runtime":6411,"charts/episodic_return":49.182045,"losses/clipfrac":0}