{"losses/entropy":7.607583,"charts/SPS":1042,"losses/value_loss":0.009411955,"_runtime":4800,"global_step":4999168,"losses/old_approx_kl":-3.874302e-06,"charts/ema_episodic_return":3430.767,"charts/learning_rate":1.2290045e-07,"losses/explained_variance":0.96436405,"charts/episodic_return":4042.217,"losses/clipfrac":0,"_step":39061,"losses/policy_loss":-3.7107617e-05,"losses/approx_kl":3.958121e-08,"_timestamp":1.7816951508909972e+09,"Custom_Metrics/Episodic_Return":4042.216974000969,"_wandb":{"runtime":4800}}