{"losses/approx_kl":1.9098632e-05,"losses/explained_variance":0.17154413,"_runtime":9228,"losses/clipfrac":0,"_wandb":{"runtime":9228},"_step":16082,"charts/episodic_return":1649.2104,"charts/learning_rate":3.382459e-08,"losses/value_loss":0.039255034,"charts/ema_episodic_return":1638.4324,"_timestamp":1.7821252568881972e+09,"Custom_Metrics/Episodic_Return":1649.2104034429306,"global_step":4997120,"losses/entropy":-1.579551,"charts/SPS":541,"losses/old_approx_kl":0.00014807703,"losses/policy_loss":-0.0008467585}