{"losses/approx_kl":5.078176e-05,"losses/explained_variance":0.8557889,"_runtime":6369,"_step":32657,"losses/policy_loss":-0.001527682,"global_step":4997120,"losses/entropy":3.886262,"losses/value_loss":0.018834956,"losses/clipfrac":0,"losses/old_approx_kl":-0.0001232219,"Custom_Metrics/Episodic_Return":4935.382147444326,"charts/episodic_return":4935.3823,"charts/SPS":785,"charts/ema_episodic_return":2940.4536,"charts/learning_rate":4.918033e-07,"_timestamp":1.7817708260915046e+09,"_wandb":{"runtime":6369}}