{"charts/learning_rate":4.918033e-07,"losses/old_approx_kl":7.7223405e-05,"charts/ema_episodic_return":1308.4297,"charts/SPS":1682,"_step":16076,"losses/policy_loss":-0.00028861128,"_runtime":2975,"losses/entropy":-3.908499,"Custom_Metrics/Episodic_Return":1527.1499154832236,"charts/episodic_return":1527.1499,"losses/explained_variance":0.013745427,"_wandb":{"runtime":2975},"losses/value_loss":469.92938,"losses/approx_kl":4.698243e-05,"global_step":4997120,"_timestamp":1.7820387924914765e+09,"losses/clipfrac":0}