{"losses/policy_loss":-0.02486296,"charts/episodic_return":35.897198,"charts/ema_episodic_return":4.021399,"_wandb":{"runtime":71},"_timestamp":1.7817581412360415e+09,"global_step":54473,"_runtime":71,"losses/clipfrac":0.13685302,"losses/approx_kl":0.010188559,"losses/value_loss":0.39203024,"Custom_Metrics/Episodic_Return":188.3356882242682,"losses/old_approx_kl":-0.008606125,"losses/explained_variance":0.6037669,"losses/entropy":8.253307,"charts/SPS":830,"_step":2882,"charts/learning_rate":0.00029754097}