{"charts/episodic_return":1558.1664,"charts/learning_rate":4.918033e-07,"Custom_Metrics/Episodic_Return":1558.1663237491089,"_timestamp":1.7820426496233106e+09,"losses/explained_variance":0.09652895,"_wandb":{"runtime":2980},"losses/old_approx_kl":-0.00014422229,"charts/ema_episodic_return":1330.6808,"_step":16076,"charts/SPS":1679,"losses/entropy":-2.9336843,"global_step":4997120,"losses/value_loss":533.0864,"losses/clipfrac":0,"losses/policy_loss":-0.00032759644,"_runtime":2980,"losses/approx_kl":1.7000828e-05}