{"_step":30781,"charts/episodic_return":1451.4716,"global_step":4997120,"_wandb":{"runtime":6347},"charts/ema_episodic_return":2908.7021,"charts/SPS":788,"Custom_Metrics/Episodic_Return":1451.4715873455261,"_runtime":6347,"losses/value_loss":0.012695252,"_timestamp":1.7818644956850114e+09,"charts/learning_rate":4.918033e-07,"losses/approx_kl":2.8281007e-05,"losses/explained_variance":0.79065406,"losses/entropy":5.2727685,"losses/policy_loss":-0.0010146871,"losses/old_approx_kl":0.0012428053,"losses/clipfrac":0}