{"losses/policy_loss":0.00011249259,"losses/value_loss":0.008606484,"charts/episodic_return":745.7118,"losses/approx_kl":3.2767188e-05,"charts/SPS":787,"_wandb":{"runtime":6353},"losses/entropy":5.669774,"losses/old_approx_kl":-0.00035030954,"global_step":4997120,"_runtime":6353,"charts/ema_episodic_return":3360.886,"charts/learning_rate":4.918033e-07,"losses/clipfrac":0,"Custom_Metrics/Episodic_Return":745.7118034252419,"_timestamp":1.7817883729052758e+09,"losses/explained_variance":0.62730765,"_step":28249}