{"charts/ema_episodic_return":1320.9491,"losses/value_loss":712.0387,"Custom_Metrics/Episodic_Return":1508.1614402503346,"_runtime":3079,"global_step":4997120,"losses/explained_variance":0.13618827,"_wandb":{"runtime":3079},"_timestamp":1.7820392902723646e+09,"losses/clipfrac":0,"charts/SPS":1625,"charts/learning_rate":4.918033e-07,"losses/old_approx_kl":0.001073888,"charts/episodic_return":1508.1615,"losses/entropy":-2.895337,"_step":16076,"losses/approx_kl":0.00019912375,"losses/policy_loss":-0.0025011227}