{"losses/value_loss":0.030414492,"losses/approx_kl":1.8830877e-05,"Custom_Metrics/Episodic_Return":1579.9490267391168,"charts/episodic_return":1579.949,"charts/SPS":539,"losses/clipfrac":0,"_step":16082,"_wandb":{"runtime":9272},"_runtime":9272,"charts/learning_rate":3.382459e-08,"_timestamp":1.7821241906259384e+09,"losses/old_approx_kl":1.8501189e-05,"global_step":4997120,"losses/entropy":-1.5036589,"losses/policy_loss":-0.00022687018,"charts/ema_episodic_return":1615.1458,"losses/explained_variance":0.17524081}