{"losses/approx_kl":1.9098632e-05,"_step":16082,"_timestamp":1.7822478454702797e+09,"_wandb":{"runtime":9214},"charts/SPS":542,"losses/policy_loss":-0.0008467585,"Custom_Metrics/Episodic_Return":1649.2104034429306,"charts/episodic_return":1649.2104,"losses/value_loss":0.039255034,"global_step":4997120,"losses/old_approx_kl":0.00014807703,"losses/explained_variance":0.17154413,"_runtime":9214,"losses/clipfrac":0,"losses/entropy":-1.579551,"charts/learning_rate":3.382459e-08,"charts/ema_episodic_return":1638.4324}