{"losses/entropy":5.954659,"Custom_Metrics/Episodic_Return":237.85486897576982,"losses/approx_kl":1.07102096e-07,"charts/episodic_return":237.85487,"losses/clipfrac":0,"_step":40191,"losses/policy_loss":-5.479902e-05,"_timestamp":1.7816460937968411e+09,"_wandb":{"runtime":4785},"charts/learning_rate":1.2290045e-07,"charts/ema_episodic_return":3444.3574,"global_step":4999168,"losses/explained_variance":0.5704372,"losses/value_loss":0.05352457,"_runtime":4785,"losses/old_approx_kl":-1.9275118e-05,"charts/SPS":1045}