{"losses/approx_kl":4.749745e-06,"charts/SPS":539,"losses/old_approx_kl":0.00015722867,"_wandb":{"runtime":5559},"charts/episodic_return":1462.9824,"_step":9642,"losses/entropy":0.8633733,"losses/clipfrac":0,"charts/learning_rate":5.637432e-08,"charts/ema_episodic_return":1464.2695,"_timestamp":1.782980862901277e+09,"losses/value_loss":0.023833267,"Custom_Metrics/Episodic_Return":1462.9823881174525,"losses/explained_variance":0.4453262,"_runtime":5559,"global_step":2998272,"losses/policy_loss":-0.00051327795}