{"_timestamp":1.7820643207301457e+09,"losses/clipfrac":0,"charts/ema_episodic_return":1649.7717,"losses/value_loss":0.06445219,"losses/approx_kl":1.1371449e-05,"losses/policy_loss":0.00030780397,"Custom_Metrics/Episodic_Return":1617.9729017044433,"_wandb":{"runtime":9269},"_runtime":9269,"losses/old_approx_kl":0.000540528,"charts/SPS":539,"charts/episodic_return":1617.9729,"global_step":4997120,"charts/learning_rate":3.382459e-08,"losses/entropy":-1.7442504,"_step":16082,"losses/explained_variance":0.16428381}