{"_wandb":{"runtime":9310},"losses/policy_loss":-0.00019613653,"_runtime":9310,"losses/value_loss":0.065334156,"charts/episodic_return":1734.1577,"_timestamp":1.782237567535017e+09,"losses/entropy":-1.3466644,"Custom_Metrics/Episodic_Return":1734.1577627954125,"_step":16082,"global_step":4997120,"charts/SPS":537,"charts/learning_rate":3.382459e-08,"losses/approx_kl":2.716668e-06,"losses/clipfrac":0,"losses/old_approx_kl":9.4655436e-05,"losses/explained_variance":0.19729191,"charts/ema_episodic_return":1676.3492}