{"losses/entropy":5.954659,"losses/clipfrac":0,"_runtime":4803,"Custom_Metrics/Episodic_Return":237.85486897576982,"charts/learning_rate":1.2290045e-07,"charts/episodic_return":237.85487,"_wandb":{"runtime":4803},"losses/approx_kl":1.07102096e-07,"losses/old_approx_kl":-1.9275118e-05,"losses/policy_loss":-5.479902e-05,"losses/value_loss":0.05352457,"charts/ema_episodic_return":3444.3574,"losses/explained_variance":0.5704372,"_timestamp":1.781690338005888e+09,"global_step":4999168,"charts/SPS":1041,"_step":40191}