{"charts/ema_episodic_return":2940.4536,"losses/entropy":3.886262,"losses/explained_variance":0.8557889,"losses/old_approx_kl":-0.0001232219,"charts/episodic_return":4935.3823,"Custom_Metrics/Episodic_Return":4935.382147444326,"losses/value_loss":0.018834956,"global_step":4997120,"charts/learning_rate":4.918033e-07,"_timestamp":1.7817515211652594e+09,"charts/SPS":787,"_wandb":{"runtime":6346},"losses/policy_loss":-0.001527682,"_runtime":6346,"losses/approx_kl":5.078176e-05,"_step":32657,"losses/clipfrac":0}