{"losses/entropy":2.7384853,"_runtime":6279,"charts/learning_rate":4.918033e-07,"losses/old_approx_kl":0.00022149505,"charts/SPS":796,"losses/explained_variance":0.78081477,"_wandb":{"runtime":6279},"global_step":4997120,"_timestamp":1.7818776052861161e+09,"charts/episodic_return":2105.2236,"Custom_Metrics/Episodic_Return":2105.223632014323,"losses/value_loss":0.046765406,"losses/clipfrac":0,"_step":38273,"losses/policy_loss":-0.0006402945,"losses/approx_kl":9.685289e-05,"charts/ema_episodic_return":2624.8108}