{"losses/old_approx_kl":0.0005824845,"_timestamp":1.7818710735704725e+09,"losses/policy_loss":-0.00032424927,"charts/episodic_return":5277.761,"charts/learning_rate":4.918033e-07,"global_step":4997120,"losses/entropy":6.2765846,"Custom_Metrics/Episodic_Return":5277.761418275001,"charts/SPS":794,"charts/ema_episodic_return":4469.391,"losses/value_loss":0.020873975,"_wandb":{"runtime":6291},"_step":28735,"losses/approx_kl":1.7473008e-05,"losses/clipfrac":0,"losses/explained_variance":0.54652405,"_runtime":6291}