{"losses/explained_variance":0.7052113,"_timestamp":1.7817451650236588e+09,"_step":31047,"global_step":4997120,"charts/SPS":781,"losses/approx_kl":3.6803074e-05,"losses/clipfrac":0,"charts/ema_episodic_return":2792.6633,"losses/entropy":4.605962,"losses/value_loss":0.022415891,"_wandb":{"runtime":6398},"_runtime":6398,"losses/policy_loss":-0.0012792647,"charts/episodic_return":49.182045,"Custom_Metrics/Episodic_Return":49.182044964335304,"losses/old_approx_kl":-0.001142717,"charts/learning_rate":4.918033e-07}