{"losses/entropy":2.5665188,"_runtime":6333,"losses/policy_loss":0.00020478293,"losses/explained_variance":0.7572534,"losses/approx_kl":4.9583614e-05,"charts/SPS":789,"_wandb":{"runtime":6333},"charts/learning_rate":4.918033e-07,"Custom_Metrics/Episodic_Return":1675.8442066363873,"_timestamp":1.781752002243361e+09,"losses/old_approx_kl":-0.0004063258,"_step":36671,"charts/ema_episodic_return":2114.27,"global_step":4997120,"charts/episodic_return":1675.8442,"losses/clipfrac":0,"losses/value_loss":0.017431984}