{"_wandb":{"runtime":2959},"charts/learning_rate":4.918033e-07,"charts/ema_episodic_return":1400.2264,"losses/clipfrac":0,"losses/value_loss":740.05743,"charts/episodic_return":1605.8136,"losses/explained_variance":0.048833847,"_runtime":2959,"_step":16076,"losses/old_approx_kl":-0.0024176277,"_timestamp":1.7820361998965936e+09,"losses/policy_loss":-0.0017806962,"global_step":4997120,"losses/entropy":-3.41385,"losses/approx_kl":8.1952196e-05,"Custom_Metrics/Episodic_Return":1605.813643992126,"charts/SPS":1691}