{"losses/policy_loss":-0.0006402945,"charts/learning_rate":4.918033e-07,"losses/approx_kl":9.685289e-05,"charts/SPS":797,"losses/old_approx_kl":0.00022149505,"losses/clipfrac":0,"global_step":4997120,"Custom_Metrics/Episodic_Return":2105.223632014323,"losses/entropy":2.7384853,"losses/explained_variance":0.78081477,"_timestamp":1.78177084884443e+09,"_runtime":6272,"_step":38273,"losses/value_loss":0.046765406,"charts/episodic_return":2105.2236,"charts/ema_episodic_return":2624.8108,"_wandb":{"runtime":6272}}