{"Custom_Metrics/Episodic_Return":1719.811031492066,"charts/learning_rate":4.918033e-07,"_wandb":{"runtime":2944},"losses/policy_loss":-0.0010675825,"losses/entropy":-3.552298,"_step":16076,"_runtime":2944,"charts/ema_episodic_return":1480.4103,"losses/clipfrac":0,"losses/approx_kl":7.1223825e-05,"charts/SPS":1701,"losses/explained_variance":-0.0010584593,"_timestamp":1.782032803886199e+09,"global_step":4997120,"losses/old_approx_kl":-0.0002258895,"losses/value_loss":633.96295,"charts/episodic_return":1719.811}