{"losses/approx_kl":1.646299e-05,"charts/SPS":774,"losses/clipfrac":0,"Custom_Metrics/Episodic_Return":3107.773124608513,"charts/learning_rate":4.918033e-07,"_timestamp":1.7817579925834324e+09,"losses/old_approx_kl":-2.30968e-07,"losses/explained_variance":0.69085836,"_wandb":{"runtime":6458},"_runtime":6458,"charts/episodic_return":3107.7732,"losses/value_loss":0.01588113,"global_step":4997120,"charts/ema_episodic_return":3232.333,"losses/policy_loss":-0.00068449974,"losses/entropy":6.7944875,"_step":29275}