{"charts/learning_rate":1.2290045e-07,"losses/entropy":6.6100426,"losses/clipfrac":0,"charts/SPS":1047,"charts/episodic_return":2236.3613,"losses/value_loss":0.001982188,"global_step":4999168,"losses/explained_variance":0.9770514,"Custom_Metrics/Episodic_Return":2236.361307543974,"losses/approx_kl":1.299195e-07,"_runtime":4775,"charts/ema_episodic_return":4800.9155,"_step":39691,"losses/policy_loss":-3.923755e-05,"_wandb":{"runtime":4775},"_timestamp":1.7813887505034478e+09,"losses/old_approx_kl":-1.3133511e-05}