{"global_step":4997120,"losses/clipfrac":0,"Custom_Metrics/Episodic_Return":1617.9729017044433,"_timestamp":1.7821148962921312e+09,"_step":16082,"losses/policy_loss":0.00030780397,"losses/explained_variance":0.16428381,"charts/ema_episodic_return":1649.7717,"losses/value_loss":0.06445219,"charts/learning_rate":3.382459e-08,"losses/entropy":-1.7442504,"charts/episodic_return":1617.9729,"_runtime":9206,"charts/SPS":543,"_wandb":{"runtime":9206},"losses/approx_kl":1.1371449e-05,"losses/old_approx_kl":0.000540528}