{"losses/policy_loss":-5.4381788e-05,"charts/learning_rate":1.2290045e-07,"losses/value_loss":0.030341245,"losses/explained_variance":0.82864726,"charts/SPS":1057,"charts/episodic_return":3863.4026,"losses/entropy":4.28904,"global_step":4999168,"_runtime":4730,"losses/clipfrac":0,"charts/ema_episodic_return":2712.8894,"_wandb":{"runtime":4730},"Custom_Metrics/Episodic_Return":3863.402648702008,"_timestamp":1.7813934941764212e+09,"_step":44595,"losses/approx_kl":5.3085387e-08,"losses/old_approx_kl":-9.678304e-06}