{"_wandb":{"runtime":9142},"losses/entropy":-1.7442504,"charts/ema_episodic_return":1649.7717,"charts/learning_rate":3.382459e-08,"_timestamp":1.782237399215537e+09,"charts/episodic_return":1617.9729,"global_step":4997120,"losses/explained_variance":0.16428381,"losses/clipfrac":0,"losses/policy_loss":0.00030780397,"charts/SPS":546,"_step":16082,"losses/approx_kl":1.1371449e-05,"_runtime":9142,"losses/value_loss":0.06445219,"losses/old_approx_kl":0.000540528,"Custom_Metrics/Episodic_Return":1617.9729017044433}