{"losses/old_approx_kl":-3.874302e-06,"_wandb":{"runtime":4790},"charts/ema_episodic_return":3430.767,"losses/clipfrac":0,"charts/learning_rate":1.2290045e-07,"Custom_Metrics/Episodic_Return":4042.216974000969,"charts/episodic_return":4042.217,"losses/policy_loss":-3.7107617e-05,"losses/entropy":7.607583,"_timestamp":1.7816250918792706e+09,"losses/value_loss":0.009411955,"_runtime":4790,"charts/SPS":1044,"_step":39061,"global_step":4999168,"losses/explained_variance":0.96436405,"losses/approx_kl":3.958121e-08}