{"losses/clipfrac":0,"losses/value_loss":0.009411955,"charts/episodic_return":4042.217,"Custom_Metrics/Episodic_Return":4042.216974000969,"charts/ema_episodic_return":3430.767,"losses/policy_loss":-3.7107617e-05,"_timestamp":1.7813940327212129e+09,"global_step":4999168,"_wandb":{"runtime":4823},"losses/entropy":7.607583,"losses/approx_kl":3.958121e-08,"charts/learning_rate":1.2290045e-07,"losses/explained_variance":0.96436405,"losses/old_approx_kl":-3.874302e-06,"_step":39061,"_runtime":4823,"charts/SPS":1037}