{"charts/ema_episodic_return":1697.2585,"_runtime":9280,"_timestamp":1.7822561241815007e+09,"charts/learning_rate":3.382459e-08,"Custom_Metrics/Episodic_Return":1724.749526996469,"charts/episodic_return":1724.7495,"charts/SPS":538,"losses/approx_kl":3.3746473e-06,"losses/policy_loss":4.4727698e-05,"_wandb":{"runtime":9280},"_step":16082,"global_step":4997120,"losses/entropy":-1.3583801,"losses/value_loss":0.046527393,"losses/old_approx_kl":-0.00019960105,"losses/explained_variance":0.17803597,"losses/clipfrac":0}