{"_timestamp":1.7829864029873137e+09,"_runtime":5527,"charts/learning_rate":5.637432e-08,"losses/value_loss":0.04656985,"global_step":2998272,"losses/old_approx_kl":0.000282367,"losses/policy_loss":-0.00021497905,"charts/SPS":542,"Custom_Metrics/Episodic_Return":1460.1641171268448,"losses/explained_variance":0.39945608,"losses/entropy":0.61676395,"losses/clipfrac":0,"_step":9642,"charts/episodic_return":1460.1641,"charts/ema_episodic_return":1399.9314,"losses/approx_kl":7.4675772e-06,"_wandb":{"runtime":5527}}