{"charts/episodic_return":222.3108,"global_step":54884,"_wandb":{"runtime":71},"losses/approx_kl":0.010157708,"_step":2720,"charts/ema_episodic_return":3.9820485,"_timestamp":1.7817581412291553e+09,"Custom_Metrics/Episodic_Return":132.34521863359444,"charts/learning_rate":0.00029754097,"losses/value_loss":0.41310644,"_runtime":71,"charts/SPS":828,"losses/old_approx_kl":0.03064945,"losses/clipfrac":0.13509521,"losses/explained_variance":0.61092806,"losses/entropy":8.177035,"losses/policy_loss":-0.014746219}