{"_runtime":9296,"_wandb":{"runtime":9296},"losses/explained_variance":0.17347336,"losses/approx_kl":3.9562583e-06,"charts/ema_episodic_return":1719.7104,"global_step":4997120,"charts/episodic_return":1791.2538,"_step":16082,"losses/old_approx_kl":-5.3712167e-05,"charts/SPS":537,"losses/clipfrac":0,"losses/entropy":-1.4529803,"losses/value_loss":0.033073585,"losses/policy_loss":0.00041809306,"Custom_Metrics/Episodic_Return":1791.2537684536187,"_timestamp":1.782237553376702e+09,"charts/learning_rate":3.382459e-08}