{"_runtime":75,"_step":2868,"losses/explained_variance":0.58898115,"charts/episodic_return":262.80453,"losses/value_loss":0.33817005,"charts/learning_rate":0.00029754097,"losses/clipfrac":0.14571707,"losses/old_approx_kl":0.027644709,"losses/policy_loss":-0.027224503,"_timestamp":1.7817581393792956e+09,"global_step":57344,"charts/SPS":889,"Custom_Metrics/Episodic_Return":262.80452594384957,"losses/entropy":8.252556,"losses/approx_kl":0.019011889,"charts/ema_episodic_return":8.778202,"_wandb":{"runtime":75}}