{"_wandb":{"runtime":6357},"losses/explained_variance":0.7572534,"charts/SPS":786,"Custom_Metrics/Episodic_Return":1675.8442066363873,"global_step":4997120,"losses/old_approx_kl":-0.0004063258,"losses/value_loss":0.017431984,"losses/clipfrac":0,"charts/episodic_return":1675.8442,"_runtime":6357,"_timestamp":1.7817711882459722e+09,"charts/learning_rate":4.918033e-07,"charts/ema_episodic_return":2114.27,"losses/policy_loss":0.00020478293,"losses/entropy":2.5665188,"_step":36671,"losses/approx_kl":4.9583614e-05}