{"losses/approx_kl":8.53138e-06,"losses/entropy":0.762545,"losses/value_loss":0.032815088,"_step":9642,"losses/old_approx_kl":-0.00045300182,"losses/policy_loss":-0.00042246375,"losses/explained_variance":0.35948485,"charts/learning_rate":5.637432e-08,"global_step":2998272,"charts/SPS":546,"losses/clipfrac":0,"Custom_Metrics/Episodic_Return":1470.339240463873,"_wandb":{"runtime":5493},"_runtime":5493,"charts/episodic_return":1470.3392,"_timestamp":1.782992651516786e+09,"charts/ema_episodic_return":1418.0295}