{"losses/entropy":-1.2958336,"_timestamp":1.7822664007384508e+09,"losses/explained_variance":0.18590063,"losses/policy_loss":-0.00055778027,"_runtime":9307,"charts/ema_episodic_return":1692.0193,"global_step":4997120,"charts/SPS":537,"losses/old_approx_kl":-4.029181e-05,"_step":16082,"losses/clipfrac":0,"losses/value_loss":0.044315234,"_wandb":{"runtime":9307},"charts/episodic_return":1746.1863,"losses/approx_kl":4.4028275e-06,"Custom_Metrics/Episodic_Return":1746.1863038803888,"charts/learning_rate":3.382459e-08}