{"Custom_Metrics/Episodic_Return":874.4297181876323,"losses/value_loss":0.011982872,"losses/policy_loss":-0.00010368228,"_timestamp":1.7818645967055566e+09,"losses/explained_variance":0.9276341,"losses/entropy":6.4134398,"_wandb":{"runtime":6448},"charts/SPS":775,"losses/old_approx_kl":-0.0010746866,"_step":26883,"charts/learning_rate":4.918033e-07,"_runtime":6448,"losses/clipfrac":0,"charts/episodic_return":874.42975,"global_step":4997120,"charts/ema_episodic_return":2764.0173,"losses/approx_kl":1.6883016e-05}