{"Custom_Metrics/Episodic_Return":4106.8205302106835,"losses/clipfrac":0,"charts/ema_episodic_return":3013.0298,"losses/approx_kl":1.6613863e-05,"losses/explained_variance":0.74474394,"_step":31495,"_runtime":6257,"_wandb":{"runtime":6257},"charts/SPS":799,"charts/episodic_return":4106.8203,"losses/policy_loss":-0.000116635114,"losses/old_approx_kl":-0.00047531538,"charts/learning_rate":4.918033e-07,"_timestamp":1.7817453458844798e+09,"global_step":4997120,"losses/entropy":4.492086,"losses/value_loss":0.014429975}