{"Custom_Metrics/Episodic_Return":1432.8244312242552,"_step":9642,"losses/value_loss":0.018649407,"charts/learning_rate":5.637432e-08,"losses/old_approx_kl":0.00035648514,"global_step":2998272,"losses/approx_kl":6.28829e-06,"charts/episodic_return":1432.8245,"losses/policy_loss":3.9093196e-05,"_timestamp":1.7829989842169976e+09,"losses/clipfrac":0,"_runtime":5569,"losses/explained_variance":0.44253868,"charts/SPS":538,"charts/ema_episodic_return":1364.0792,"losses/entropy":0.75230473,"_wandb":{"runtime":5569}}