{"charts/episodic_return":1791.2538,"_wandb":{"runtime":9251},"Custom_Metrics/Episodic_Return":1791.2537684536187,"global_step":4997120,"charts/SPS":540,"losses/policy_loss":0.00041809306,"charts/learning_rate":3.382459e-08,"charts/ema_episodic_return":1719.7104,"_step":16082,"losses/clipfrac":0,"_timestamp":1.7820643024696925e+09,"losses/value_loss":0.033073585,"_runtime":9251,"losses/approx_kl":3.9562583e-06,"losses/entropy":-1.4529803,"losses/old_approx_kl":-5.3712167e-05,"losses/explained_variance":0.17347336}