{"losses/value_loss":0.009411955,"losses/policy_loss":-3.7107617e-05,"charts/episodic_return":4042.217,"_step":39061,"charts/learning_rate":1.2290045e-07,"_runtime":4798,"_wandb":{"runtime":4798},"Custom_Metrics/Episodic_Return":4042.216974000969,"losses/approx_kl":3.958121e-08,"charts/ema_episodic_return":3430.767,"_timestamp":1.7816513318043263e+09,"losses/entropy":7.607583,"losses/explained_variance":0.96436405,"losses/old_approx_kl":-3.874302e-06,"losses/clipfrac":0,"global_step":4999168,"charts/SPS":1042}