{"losses/approx_kl":1.299195e-07,"losses/policy_loss":-3.923755e-05,"losses/clipfrac":0,"_runtime":4777,"charts/learning_rate":1.2290045e-07,"global_step":4999168,"losses/entropy":6.6100426,"_step":39691,"losses/old_approx_kl":-1.3133511e-05,"losses/explained_variance":0.9770514,"charts/episodic_return":2236.3613,"_wandb":{"runtime":4777},"_timestamp":1.781646085826553e+09,"charts/ema_episodic_return":4800.9155,"losses/value_loss":0.001982188,"charts/SPS":1047,"Custom_Metrics/Episodic_Return":2236.361307543974}