{"_step":30781,"global_step":4997120,"losses/clipfrac":0,"_wandb":{"runtime":6310},"_runtime":6310,"charts/learning_rate":4.918033e-07,"losses/value_loss":0.012695252,"losses/entropy":5.2727685,"losses/explained_variance":0.79065406,"losses/policy_loss":-0.0010146871,"losses/approx_kl":2.8281007e-05,"charts/episodic_return":1451.4716,"_timestamp":1.781788329797e+09,"charts/ema_episodic_return":2908.7021,"losses/old_approx_kl":0.0012428053,"charts/SPS":792,"Custom_Metrics/Episodic_Return":1451.4715873455261}