{"_runtime":5557,"losses/explained_variance":0.5384011,"global_step":2998272,"charts/learning_rate":5.637432e-08,"_timestamp":1.7829982205155654e+09,"losses/policy_loss":-0.0001508072,"losses/approx_kl":7.158611e-06,"charts/episodic_return":1506.5933,"_step":9642,"losses/clipfrac":0,"losses/value_loss":0.050675653,"losses/old_approx_kl":0.00017122645,"charts/SPS":539,"_wandb":{"runtime":5557},"Custom_Metrics/Episodic_Return":1506.5932178762182,"losses/entropy":0.9355569,"charts/ema_episodic_return":1413.2789}