{"charts/learning_rate":4.918033e-07,"_step":36671,"losses/old_approx_kl":-0.0004063258,"losses/explained_variance":0.7572534,"_runtime":6356,"charts/episodic_return":1675.8442,"_wandb":{"runtime":6356},"_timestamp":1.781883875785218e+09,"losses/value_loss":0.017431984,"Custom_Metrics/Episodic_Return":1675.8442066363873,"losses/entropy":2.5665188,"losses/clipfrac":0,"losses/approx_kl":4.9583614e-05,"charts/SPS":786,"global_step":4997120,"charts/ema_episodic_return":2114.27,"losses/policy_loss":0.00020478293}