{"charts/SPS":539,"_step":9642,"charts/learning_rate":5.637432e-08,"losses/policy_loss":-0.00018224679,"losses/explained_variance":0.84518087,"_runtime":5556,"losses/value_loss":0.03022059,"_wandb":{"runtime":5556},"charts/ema_episodic_return":1360.7753,"global_step":2998272,"losses/entropy":0.67200637,"losses/old_approx_kl":6.679539e-05,"_timestamp":1.7829934022284968e+09,"charts/episodic_return":-335.54977,"losses/clipfrac":0,"losses/approx_kl":5.5576675e-06,"Custom_Metrics/Episodic_Return":-335.5497806235439}