{"charts/learning_rate":4.918033e-07,"losses/old_approx_kl":-0.0001232219,"global_step":4997120,"losses/value_loss":0.018834956,"_step":32657,"charts/episodic_return":4935.3823,"_wandb":{"runtime":6338},"losses/policy_loss":-0.001527682,"losses/explained_variance":0.8557889,"losses/clipfrac":0,"_runtime":6338,"_timestamp":1.7818775071928532e+09,"losses/entropy":3.886262,"Custom_Metrics/Episodic_Return":4935.382147444326,"charts/SPS":789,"losses/approx_kl":5.078176e-05,"charts/ema_episodic_return":2940.4536}