{"charts/episodic_return":49.182045,"losses/entropy":4.605962,"charts/ema_episodic_return":2792.6633,"_runtime":6373,"Custom_Metrics/Episodic_Return":49.182044964335304,"losses/explained_variance":0.7052113,"losses/clipfrac":0,"_wandb":{"runtime":6373},"_timestamp":1.7817947160867412e+09,"losses/value_loss":0.022415891,"losses/old_approx_kl":-0.001142717,"losses/approx_kl":3.6803074e-05,"losses/policy_loss":-0.0012792647,"_step":31047,"charts/SPS":784,"charts/learning_rate":4.918033e-07,"global_step":4997120}