{"_timestamp":1.782246832175886e+09,"charts/learning_rate":3.382459e-08,"losses/entropy":-1.5036589,"losses/old_approx_kl":1.8501189e-05,"losses/clipfrac":0,"charts/SPS":539,"global_step":4997120,"losses/policy_loss":-0.00022687018,"losses/value_loss":0.030414492,"charts/episodic_return":1579.949,"losses/explained_variance":0.17524081,"_step":16082,"losses/approx_kl":1.8830877e-05,"_wandb":{"runtime":9266},"_runtime":9266,"Custom_Metrics/Episodic_Return":1579.9490267391168,"charts/ema_episodic_return":1615.1458}