{"global_step":4999168,"_timestamp":1.7816903783914127e+09,"charts/episodic_return":2236.3613,"_runtime":4844,"charts/learning_rate":1.2290045e-07,"losses/old_approx_kl":-1.3133511e-05,"losses/approx_kl":1.299195e-07,"charts/SPS":1032,"_step":39691,"losses/clipfrac":0,"losses/policy_loss":-3.923755e-05,"losses/value_loss":0.001982188,"Custom_Metrics/Episodic_Return":2236.361307543974,"losses/explained_variance":0.9770514,"losses/entropy":6.6100426,"charts/ema_episodic_return":4800.9155,"_wandb":{"runtime":4844}}