{"losses/value_loss":0.046527393,"charts/ema_episodic_return":1697.2585,"charts/episodic_return":1724.7495,"_step":16082,"losses/clipfrac":0,"losses/entropy":-1.3583801,"losses/explained_variance":0.17803597,"charts/SPS":540,"Custom_Metrics/Episodic_Return":1724.749526996469,"_runtime":9244,"losses/policy_loss":4.4727698e-05,"losses/old_approx_kl":-0.00019960105,"charts/learning_rate":3.382459e-08,"global_step":4997120,"losses/approx_kl":3.3746473e-06,"_wandb":{"runtime":9244},"_timestamp":1.7821334471950235e+09}