{"_runtime":9264,"charts/ema_episodic_return":1615.1458,"charts/learning_rate":3.382459e-08,"losses/explained_variance":0.17524081,"Custom_Metrics/Episodic_Return":1579.9490267391168,"losses/approx_kl":1.8830877e-05,"losses/clipfrac":0,"_wandb":{"runtime":9264},"global_step":4997120,"losses/value_loss":0.030414492,"_timestamp":1.7820735780020058e+09,"charts/SPS":539,"charts/episodic_return":1579.949,"losses/entropy":-1.5036589,"losses/policy_loss":-0.00022687018,"losses/old_approx_kl":1.8501189e-05,"_step":16082}